text,label,sentiment
Effortlessly entertaining.,1,positive
The performances are nothing short of remarkable.,1,positive
The pacing is all wrong.,0,negative
Boring and predictable from the start.,0,negative
The plot is confusing and poorly executed.,0,negative
A tour de force of acting talent.,1,positive
The film strikes the perfect balance.,1,positive
A chore to sit through.,0,negative
Masterfully constructed narrative.,1,positive
The script is lazy and unoriginal.,0,negative
Tedious beyond belief.,0,negative
A refreshing take on the genre.,1,positive
The score perfectly complements the visuals.,1,positive
One of the best films of the year.,1,positive
A triumph of visual storytelling.,1,positive
An achievement in filmmaking craft.,1,positive
The film simply does not work.,0,negative
An absolute pleasure to watch.,1,positive
Memorable characters and sharp dialogue.,1,positive
Uninspired and by the numbers.,0,negative
An emotionally satisfying conclusion.,1,positive
A tired and worn out concept.,0,negative
The best movie I have seen in months.,1,positive
The film never comes alive.,0,negative
The twist is obvious from the start.,0,negative
A slog from start to finish.,0,negative
A forgettable and bland experience.,0,negative
An utter mess from beginning to end.,0,negative
A wonderfully uplifting experience.,1,positive
The dialogue sparkles with wit.,1,positive
A genuinely funny and clever comedy.,1,positive
Captivating from the first frame to the last.,1,positive
Intelligent and deeply satisfying.,1,positive
The acting is superb throughout.,1,positive
The performances elevate the material.,1,positive
Deeply disappointing result.,0,negative
A richly rewarding viewing experience.,1,positive
A perfect blend of drama and comedy.,1,positive
A masterpiece of modern cinema.,1,positive
Compelling and thought-provoking.,1,positive
The potential is squandered entirely.,0,negative
The pacing is painfully slow.,0,negative
Poorly directed and badly edited.,0,negative
A powerful and moving experience.,1,positive
A touching and heartfelt story.,1,positive
A tedious and uninspiring effort.,0,negative
A waste of talented actors.,0,negative
The story goes nowhere.,0,negative
A complete waste of time.,0,negative
The humor falls completely flat.,0,negative
Overlong and overstuffed.,0,negative
A missed opportunity from start to finish.,0,negative
A movie that delivers on its promise.,1,positive
"A warm, funny, engaging film.",1,positive
The plot makes no sense.,0,negative
The chemistry is undeniable.,1,positive
The cinematography is breathtaking.,1,positive
A joyous celebration of cinema.,1,positive
The direction is confident and assured.,1,positive
Engrossing from start to finish.,1,positive
Completely lacking in charm.,0,negative
An absolute delight from beginning to end.,1,positive
Wonderfully crafted with attention to detail.,1,positive
The film succeeds on every level.,1,positive
A formulaic and uninspired effort.,0,negative
The film has real heart and soul.,1,positive
The dialogue is cringe-worthy.,0,negative
Wooden performances throughout.,0,negative
The ensemble cast is fantastic.,1,positive
A dull and lifeless affair.,0,negative
The direction lacks any vision.,0,negative
The pacing is perfect throughout.,1,positive
An unpleasant experience overall.,0,negative
A shallow and superficial film.,0,negative
A beautiful film in every way.,1,positive
An unnecessary and forgettable sequel.,0,negative
A thoroughly unpleasant experience.,0,negative
The film finds the perfect tone.,1,positive
Highly recommended for all audiences.,1,positive
The performances feel phoned in.,0,negative
The script desperately needs work.,0,negative
Genuinely moving and beautifully told.,1,positive
Surprisingly deep and meaningful.,1,positive
Disappointing on every level.,0,negative
Terrible acting and weak dialogue.,0,negative
A feel-good movie that actually works.,1,positive
Painfully predictable throughout.,0,negative
A thoroughly enjoyable experience.,1,positive
A rare gem worth discovering.,1,positive
The film has genuine emotional weight.,1,positive
The plot holes are distracting.,0,negative
The movie has no emotional resonance.,0,negative
Fails to deliver on its promise.,0,negative
The film collapses under its own weight.,0,negative
Dreadfully dull throughout.,0,negative
Not worth the price of admission.,0,negative
Outstanding direction and cinematography.,1,positive
Beautifully crafted and emotionally resonant.,1,positive
An exercise in tedium.,0,negative
The editing is choppy and confusing.,0,negative
Brilliant performances by the entire cast.,1,positive
An inventive and original work.,1,positive
Clever writing and superb acting combine beautifully.,1,positive
A standout achievement this year.,1,positive
A failed experiment in filmmaking.,0,negative
The script is witty and intelligent.,1,positive
A soulless and empty production.,0,negative
The tone is wildly inconsistent.,0,negative
An exceptional achievement in storytelling.,1,positive
Outstanding performances across the board.,1,positive
A heartwarming story told with skill.,1,positive
Fails to justify its runtime.,0,negative
The visuals are stunning throughout.,1,positive
The film drags interminably.,0,negative
Smart entertainment that respects its audience.,1,positive
Lacking any genuine emotion.,0,negative
The screenplay is razor sharp.,1,positive
The film never earns its moments.,0,negative
The worst film I have seen this year.,0,negative
A crowd-pleaser in the best sense.,1,positive
A messy and unfocused narrative.,0,negative
Utterly charming and endlessly watchable.,1,positive
Fresh and original storytelling.,1,positive
The film never finds its footing.,0,negative
A movie that stays with you long after.,1,positive
The characters are one-dimensional.,0,negative
Poorly conceived and badly executed.,0,negative
A film best forgotten quickly.,0,negative
The chemistry between the leads is electric.,1,positive
The movie exceeds all expectations.,1,positive
The worst of the franchise by far.,0,negative
Aggressively mediocre at best.,0,negative
An instant classic in the making.,1,positive
The film feels rushed and incomplete.,0,negative
The movie is delightfully entertaining from start to finish.,1,positive
Perfectly cast and expertly directed.,1,positive
A frustrating viewing experience.,0,negative
Derivative and unimaginative.,0,negative
Fails to engage on any level.,0,negative
A disappointment in every regard.,0,negative
A joyless and dreary experience.,0,negative
The direction is flawless.,1,positive
A cynical and hollow effort.,0,negative
Fails on its own terms.,0,negative
"Smart, stylish, and thoroughly entertaining.",1,positive
Superbly acted and beautifully shot.,1,positive
The chemistry between leads is nonexistent.,0,negative
The humor is sharp and well-timed.,1,positive
Lacking any real substance.,0,negative
The ending is deeply unsatisfying.,0,negative
